variant	num_mutations	score
A22R	1	0.46661968790900005
A22N	1	0.785265902983
A22N,S27F	2	0.368444225673
A22D	1	1.00453051954
A22C	1	-0.19610194392299998
A22Q	1	0.6720406508679999
A22E	1	0.750639501558
A22G	1	0.7824433163095
A22H	1	0.250200248265
A22I	1	-0.912356777678
A22L	1	-0.550450085907
A22K	1	0.263507388257
A22M	1	-0.21415747565499998
A22F	1	-0.6913709124799999
A22P	1	0.957378182295
A22S	1	0.43564479321766664
A22*	1	-2.10251496667
A22T	1	-0.21178181718199998
A22W	1	-1.05318905442
A22Y	1	-0.524441827981
A22V	1	-0.350594152413
A31R	1	-0.010987179071266668
A31N	1	0.359581822881
A31D	1	0.580890851881
A31C	1	-0.035116965408900004
A31Q	1	0.362823552424
A31E	1	0.6189937532800001
A31G	1	0.402737790487
A31H	1	0.282837330066
A31I	1	-0.7665726182449999
A31L	1	-0.5057226493929999
A31K	1	0.11594218738
A31M	1	0.237701108536
A31F	1	-0.781978045607
A31P	1	0.09456793203200001
A31S	1	0.20832620908333332
A31T	1	-0.062145170871349985
A31W	1	-0.815312098589
A31Y	1	-0.5927525559960001
A31V	1	-0.24764121179375
A3R	1	0.011911003252450002
A3N	1	0.273336871472
A3D	1	0.17350028147
A3C	1	-0.23876464062199998
A3Q	1	0.0820333850065
A3E	1	0.291701844911
A3G	1	0.1378252732816
A3H	1	-0.0372075380081
A3I	1	-0.0491015680655
A3L	1	-0.18672447304881332
A3K	1	-0.0639435909438
A3M	1	0.487791203012
A3F	1	-0.33151641127799997
A3P	1	0.17593493538955
A3S	1	0.21778293424333336
A3T	1	0.027781532187800002
A3W	1	-0.30392525284
A3Y	1	-0.41282085211400005
A3V	1	-0.14492150329205
A43R	1	-0.009170574177500002
A43N	1	0.313080145363
A43D	1	-0.012867927026700001
A43C	1	0.353093484461
A43Q	1	-0.185735673698
A43E	1	0.0349032744749
A43G	1	0.3708933039465
A43G,R6T	2	0.157131128590355
A43H	1	-0.255414527958
A43I	1	-0.412382651218
A43L	1	0.14030526104100002
A43K	1	0.117478633411
A43M	1	-0.388559602597
A43F	1	-0.540450186263
A43P	1	0.606803411945
A43S	1	-0.25196944652569997
A43T	1	-0.13980139553989
A43W	1	-1.09078824117
A43Y	1	-0.33291353367800003
A43V	1	-0.23545563383680002
R6A	1	-0.16501671525449998
R6N	1	-0.28953540802
R6D	1	0.390899006161
R6C	1	-0.12145368544299999
R6E	1	0.469809065953
R6G	1	0.18229940222295
R6H	1	-0.43622824746100003
R6I	1	-0.190636596606
R6L	1	-0.39756038231433327
R6K	1	0.204975836072
R6M	1	0.005415142962699999
R6F	1	-0.121443577947
R6P	1	-0.119983317604
R6S	1	0.06512410709442
R6S,D2N	2	0.174443739912
R6S,D2S	2	0.170006855347
R6S,L35R	2	1.2187182698899999
R6S,L35P	2	1.22269206831
R6S,M36R	2	0.729235748833
R6S,F20R	2	0.7273796857860001
R6S,F20E	2	0.757326711451
R6S,F20G	2	1.31318220362
R6S,F21G	2	0.9166101710969999
R6S,F21S	2	1.2761436829000001
R6S,F5G	2	0.258129618825
R6S,F5S	2	0.478905575941
R6S,V13L	2	0.0346421004023
R6S,V19G	2	0.8743427182860001
R6S,V37A	2	0.775828951037
R6S,V37D	2	1.01992230848
R6*	1	-2.68466882648
R6T	1	-0.059152109740675
R6T,G34D	2	0.5529304293940001
R6T,L35R	2	1.43035003391
R6T,L35C	2	0.29299229173700003
R6T,L35P	2	1.3106556227500001
R6T,M36R	2	0.6936735850929999
R6T,F20R	2	0.491328694053
R6T,F20E	2	1.4977645920200002
R6T,F21G	2	1.1167910161825
R6T,F21S	2	1.0512976044
R6T,F5G	2	0.788209736385
R6T,F5S	2	0.451690311682
R6T,V13A	2	0.541049079106
R6T,V37D	2	1.2210107165000001
R6T,V37G	2	1.25386708305
R6T,V37K	2	0.778885870776
R6T,V40G	2	0.783888915217
R6T,V41G	2	0.549536219183
R6W	1	-0.284320761464
R6Y	1	-0.337241029503
R6V	1	-0.054762626877250004
N28A	1	-0.12017993152620002
N28R	1	0.19895570231866666
N28D	1	-0.024475413670799997
N28C	1	-0.36171882093400004
N28Q	1	-0.0648097430486
N28E	1	-0.09939410433229999
N28G	1	0.020949508928500005
N28H	1	0.117409768718
N28I	1	-0.317478660982
N28L	1	-0.19349288609023332
N28K	1	0.0259179304134
N28M	1	-0.36804761846600004
N28F	1	-0.010788676148999999
N28P	1	0.22236308523944998
N28S	1	0.06188417823453335
N28*	1	-1.73062851192
N28T	1	-0.28258633650094994
N28W	1	-0.683247602149
N28Y	1	-0.21610008817899998
N28V	1	-0.1744747670667
D24A	1	-0.12494942255449999
D24R	1	-0.22461153411666668
D24N	1	0.478980993439
D24C	1	-0.570418100377
D24Q	1	-0.33237765967099997
D24E	1	0.125549791765
D24G	1	0.0132873965923
D24H	1	-0.0809230441091
D24I	1	-0.9796555518440001
D24L	1	-1.19832944874
D24K	1	-0.419450359437
D24M	1	-0.6785052456530001
D24F	1	-1.3089408764
D24P	1	0.13345945352455
D24S	1	-0.12720025506321334
D24T	1	-0.26986749649815
D24W	1	-1.8732265707599998
D24Y	1	-1.22153128011
D24V	1	-0.8182307317255
D2A	1	0.226873974526
D2R	1	-0.44649999702366666
D2N	1	0.05582992134380001
D2C	1	-1.0358111184899998
D2Q	1	-0.540180400565
D2E	1	0.0505146399844
D2G	1	-0.26002209411445
D2H	1	-0.580942193107
D2I	1	-0.7165452577789999
D2L	1	-0.7730745106386666
D2K	1	-0.16460493216299998
D2M	1	-0.10399229321499999
D2F	1	-0.7979217260729999
D2P	1	0.07849635777735
D2S	1	0.046998486755073336
D2*	1	-2.8776795463200004
D2T	1	-0.5491996900569001
D2W	1	-0.641790275207
D2Y	1	-0.6492852751389999
D2V	1	-0.08744027338945
D8A	1	0.09654415132415001
D8R	1	-0.5283103209685
D8N	1	0.014844956068799998
D8C	1	-0.312622061798
D8Q	1	0.035219542722199994
D8E	1	0.21315457852699998
D8G	1	0.10009218006915001
D8H	1	-0.0229775953062
D8I	1	-0.264048241547
D8L	1	-0.2132023936368667
D8K	1	0.0654843418981
D8M	1	-0.0939219550684
D8F	1	-0.7534436228620001
D8P	1	-0.66167762553
D8S	1	-0.027996459571000016
D8T	1	0.068276982380525
D8W	1	-0.258354316536
D8Y	1	-0.574192819782
D8V	1	0.002184812631550001
Q16A	1	-0.0968130303735
Q16R	1	-0.08863859669676666
Q16N	1	0.657294119654
Q16D	1	0.530193596995
Q16C	1	-0.37991232998499996
Q16E	1	0.504564496283
Q16G	1	0.3983872322515
Q16H	1	-0.17758638613299998
Q16I	1	-1.11607733151
Q16L	1	-1.10058934364
Q16K	1	-0.326519173123
Q16M	1	-1.15891094803
Q16F	1	-1.1122957960700002
Q16P	1	0.3881885422925
Q16S	1	0.3238073646436666
Q16T	1	-0.0602896046189
Q16W	1	-1.57304710712
Q16Y	1	-1.29141302223
Q16V	1	-1.199947410372
E12A	1	0.01943555111700001
E12R	1	-0.18889480067419998
E12N	1	0.593285728328
E12D	1	0.483010563245
E12C	1	-0.074399260733
E12Q	1	-0.5906391209449999
E12G	1	0.369547358971
E12H	1	-0.033606156235199997
E12I	1	-0.746091147904
E12L	1	-0.25339354810233333
E12K	1	-0.210016499736
E12M	1	-0.448909602986
E12F	1	-1.4470593777599998
E12P	1	0.22366531433404999
E12S	1	0.18247530136723333
E12T	1	-0.26599325530999995
E12W	1	-0.504893144192
E12Y	1	-2.37880975205
E12V	1	-0.33623472230999996
E23A	1	-0.2606106772695
E23R	1	0.0646952231242
E23N	1	0.155346954296
E23D	1	0.6938323303635
E23C	1	-0.867163755732
E23Q	1	0.0736445345355
E23G	1	0.273384122591
E23H	1	-0.248743847142
E23I	1	-0.876977706341
E23L	1	-1.3450712434966665
E23K	1	-0.0666139723347
E23M	1	-0.56082067097
E23F	1	-1.2307373394399999
E23P	1	0.1525308494525
E23S	1	0.02044533752096667
E23T	1	-0.246395425093
E23W	1	-1.19494526775
E23Y	1	-1.1810915286399999
E23V	1	-0.9690112793915
E4A	1	-0.0619089541895
E4R	1	-0.11801882200116665
E4N	1	-0.204823606836
E4D	1	0.428619751418
E4C	1	-0.348549842782
E4Q	1	-0.022228904507599997
E4G	1	-0.15761200054915
E4H	1	0.235938290804
E4I	1	-1.1014761978399998
E4L	1	-0.6143719949546668
E4M	1	-0.115900173503
E4F	1	-0.504211112126
E4P	1	-0.45730932563250004
E4S	1	-0.00521190011506666
E4T	1	-0.22233049036835
E4W	1	-0.851384397606
E4Y	1	-0.38540262601499997
E4V	1	-0.5503134074655
G10A	1	0.11822791290875001
G10R	1	-0.07935864631866668
G10N	1	0.10591515296
G10D	1	0.31467594634
G10C	1	-0.345214258298
G10Q	1	0.27241058529
G10E	1	0.0675484967341
G10H	1	-0.29696120132
G10I	1	-0.397849010478
G10L	1	-0.43209344394233334
G10K	1	0.257104272789
G10M	1	-0.5227624713310001
G10F	1	-0.8356471198280001
G10P	1	0.013411026332005999
G10S	1	-0.010289141192533333
G10*	1	-2.08805327124
G10T	1	-0.2065929263848
G10W	1	-0.994115304207
G10Y	1	-0.708229692841
G10V	1	-0.35342423837750003
G26A	1	0.01936507297105
G26R	1	0.15566372193853334
G26N	1	0.495278584914
G26D	1	0.131549827865
G26C	1	-0.16310516097000002
G26Q	1	0.351526202274
G26E	1	0.196835396294
G26H	1	0.141440760446
G26I	1	-0.271523574965
G26L	1	-0.4667972247883334
G26K	1	0.271304585873
G26M	1	-0.49910312232299997
G26F	1	-0.204904434494
G26P	1	0.577607442079
G26S	1	0.20006886907166666
G26*	1	-1.04709728016
G26T	1	-0.004015561999099998
G26W	1	-0.487371019733
G26Y	1	-0.09219773622039999
G26V	1	-0.14244671708089998
G30A	1	0.10139113353705001
G30R	1	0.16163789665276668
G30N	1	0.196778623343
G30D	1	0.449884119073
G30C	1	-0.300736508644
G30Q	1	0.37009399196599996
G30E	1	0.488471439894
G30H	1	-0.213983333898
G30I	1	-0.610331105633
G30L	1	-0.42354786443733333
G30K	1	0.13945077331800002
G30M	1	-0.359367737774
G30F	1	-0.5221988958429999
G30P	1	0.5611046306585
G30S	1	0.2983333739226667
G30*	1	-1.91796479041
G30T	1	-0.01998783498199999
G30W	1	-0.662714860193
G30Y	1	-0.34991654668899996
G30V	1	-0.3778748979685
G34A	1	-0.3819388832425
G34R	1	0.440002336766
G34N	1	0.533663668726
G34D	1	1.1989836796100002
G34C	1	-0.853124772119
G34Q	1	0.38608559794299996
G34E	1	0.541337948799
G34H	1	0.313476843645
G34I	1	-1.6857886732700003
G34L	1	-0.9346720649033333
G34K	1	0.626632110077
G34M	1	-0.953889090095
G34F	1	-0.9529740447920001
G34P	1	1.134094075185
G34S	1	0.4021876898146666
G34*	1	-2.3194056470900004
G34T	1	-0.0966033344678
G34W	1	-0.676947208501
G34Y	1	-0.543406466089
G34V	1	-1.028841252973
G38A	1	-1.1103181220425002
G38R	1	-0.6654371631463333
G38N	1	-0.0171351754995
G38D	1	-0.033411380801
G38C	1	-1.46247016199
G38Q	1	-0.8347614454469999
G38E	1	-1.01824417423
G38H	1	-0.860697704076
G38I	1	-2.2852224950799997
G38L	1	-1.15639438124
G38K	1	-0.33313205602400003
G38F	1	-1.59238379852
G38P	1	0.8579266374745
G38S	1	-0.6007153172076667
G38*	1	-2.12273765645
G38T	1	-1.292201839815
G38W	1	-1.46888984824
G38V	1	-1.859003521535
G39A	1	-0.6981308840889999
G39R	1	-0.889521610443
G39N	1	-0.224960115658
G39D	1	-0.46295550238999994
G39D,L35Q	2	1.09841165348
G39C	1	-1.28555178575
G39Q	1	-0.977121243415
G39E	1	-0.805852564833
G39H	1	-0.89404176009
G39L	1	-1.3889533029855001
G39K	1	-0.648499706812
G39M	1	-1.6267353390700001
G39F	1	-1.85519669158
G39P	1	0.32891682229105
G39S	1	-0.611624859113
G39T	1	-0.731082850556
G39W	1	-1.68423046999
G39Y	1	-2.11515801026
G39V	1	-1.8560736167299998
H14A	1	0.2376017601235
H14R	1	0.226456004443
H14N	1	0.492351500766
H14D	1	0.9535974322030001
H14C	1	0.019072189312599998
H14Q	1	0.202316579593
H14E	1	0.610462332216
H14G	1	0.6799159669020001
H14I	1	-0.643249954531
H14L	1	-0.7210648921953333
H14K	1	0.6717360381
H14M	1	-0.0319628250391
H14F	1	-0.783580433948
H14P	1	0.7356577942545
H14S	1	0.3752692838453333
H14*	1	-2.5038486429900004
H14T	1	0.044550796377475006
H14W	1	-0.9382877952519999
H14Y	1	-0.6279745776519999
H14V	1	-0.8778967555464999
H15A	1	-0.07334612320365
H15R	1	0.3588938293496666
H15N	1	0.560840148143
H15D	1	0.9178352220039999
H15C	1	-0.299870839282
H15Q	1	0.202211652263
H15E	1	0.09945946219080001
H15G	1	0.6102245804715
H15I	1	-1.3869277018000001
H15L	1	-0.7837221759706666
H15K	1	0.766614809489
H15M	1	-0.6325820319740001
H15F	1	-1.53210969562
H15P	1	0.738889183948
H15S	1	0.2566835699614
H15*	1	-1.68959103575
H15T	1	-0.00886731796855
H15W	1	-1.9036741019599999
H15Y	1	-0.616942684506
H15V	1	-0.9977557663975001
H7A	1	0.11481899819452501
H7R	1	0.23256370119200004
H7N	1	-0.144726390441
H7D	1	0.334976405388
H7C	1	0.0139694155697
H7Q	1	0.23736479799899998
H7E	1	0.470451553808
H7G	1	0.32663090549999996
H7I	1	-0.141547418369
H7L	1	-0.06050290526066666
H7K	1	0.059454291621199994
H7M	1	0.162874345298
H7F	1	-0.315849799275
H7P	1	0.20550299805595
H7S	1	0.36812986377766665
H7T	1	0.12153597712185002
H7Y	1	0.190861453494
H7V	1	0.23283369342500002
I32A	1	0.808618347803
I32R	1	0.73777113968
I32N	1	1.03033748297
I32D	1	1.29051669731
I32C	1	0.371682096007
I32Q	1	1.05470746129
I32E	1	0.920399109938
I32G	1	0.933963654709
I32H	1	0.8447052903039999
I32L	1	0.16908991693876665
I32K	1	1.06434779443
I32M	1	0.317938612894
I32F	1	0.122927105476
I32P	1	0.981006396528
I32S	1	0.9818886162123334
I32*	1	-2.5981097698299997
I32T	1	0.723412121335
I32W	1	-0.172863587047
I32Y	1	0.339029068256
I32V	1	0.3942366146735
I33A	1	0.9692382969255
I33R	1	0.5601155691833334
I33N	1	1.32221725678
I33D	1	1.19179332377
I33C	1	0.589116989459
I33Q	1	1.08508385208
I33E	1	1.14986513155
I33G	1	1.189698726115
I33H	1	1.1611835970200002
I33L	1	0.46255491200500004
I33K	1	1.07172324686
I33M	1	0.280277472345
I33F	1	-0.008091330373699997
I33P	1	1.16814114524
I33S	1	1.10650111046
I33T	1	0.8505446123085001
I33W	1	-0.197413418816
I33Y	1	0.42339352685000003
I33V	1	0.41374032422300006
I33V,F21R	2	1.2354094297799998
I42A	1	0.574363405847
I42R	1	0.609276135646
I42N	1	0.622258621871
I42D	1	0.8688449801289999
I42C	1	0.34753051732199997
I42Q	1	0.845070102811
I42E	1	0.704088912578
I42G	1	0.8662514992624999
I42H	1	0.544613517307
I42L	1	0.19941746868166665
I42K	1	0.971572663724
I42M	1	0.39793764189
I42F	1	-0.0819646615541
I42P	1	0.512348431321
I42S	1	0.625994681893
I42*	1	-1.74108686027
I42T	1	0.46602095779599995
I42W	1	-0.179453696466
I42Y	1	0.07466976689180001
I42V	1	0.4514190574725
L18A	1	0.8321249215035
L18R	1	0.8949626291456667
L18N	1	1.2119325260299998
L18N,F20S	2	1.1434914842
L18D	1	1.29809808259
L18C	1	0.46238210248000006
L18Q	1	1.02638205348
L18E	1	1.1629771247399998
L18G	1	1.176173756745
L18H	1	1.03553745409
L18I	1	0.642049165592
L18K	1	1.0851132055700001
L18M	1	-0.0686563407698
L18F	1	-0.178657244232
L18P	1	1.11217637318
L18S	1	1.04750731202
L18T	1	0.8761541611865
L18W	1	-0.6404208962610001
L18Y	1	0.0127395903256
L18V	1	0.34947275381700005
L35A	1	0.9019141478935
L35R	1	1.22454162051
L35N	1	1.4342216816100002
L35D	1	1.37960598384
L35C	1	0.639490980334
L35Q	1	1.02351616884
L35E	1	1.1530229388600002
L35G	1	1.1609133096800002
L35H	1	1.20780722772
L35I	1	0.05234539009769999
L35K	1	1.29112604463
L35M	1	0.36394122468699996
L35F	1	-0.037392999703599994
L35P	1	1.2903963679600001
L35S	1	1.2409032311466666
L35*	1	-1.39647536113
L35T	1	0.9791404964399999
L35W	1	-0.017021110813
L35Y	1	0.366048572725
L35V	1	0.09259134722355
K17A	1	-0.4829142636005
K17R	1	-0.12960028183915998
K17N	1	0.0350513388055
K17D	1	0.649977598783
K17C	1	-1.07240853361
K17Q	1	-0.24535798924600002
K17E	1	-0.276510819599
K17G	1	0.17518326163804998
K17H	1	-0.0034161238663699997
K17L	1	-1.27918477633
K17M	1	-1.1178034259
K17F	1	-1.6445386896599998
K17P	1	0.1786580538425
K17S	1	-0.3390125886756667
K17*	1	-2.29471484441
K17T	1	-0.7089150131049999
K17W	1	-1.58513829375
K17Y	1	-1.66781688366
K17V	1	-1.21234180279
K29A	1	0.13703804127145
K29R	1	0.408949707943
K29N	1	-0.028250834482900004
K29D	1	0.6183357900909999
K29C	1	-0.08261453324689999
K29Q	1	0.260015946312
K29E	1	0.33575970887900003
K29G	1	0.1506179436425
K29H	1	0.635010415396
K29I	1	-0.061813397444599995
K29L	1	-0.8500009493186668
K29M	1	-0.301027814999
K29F	1	-0.9387010217990001
K29P	1	0.5190977342405
K29S	1	0.19657809284303332
K29*	1	-1.8689318881900001
K29T	1	0.309371589627
K29W	1	-0.772194753908
K29Y	1	-0.551770767339
K29V	1	-0.133268723538
M36A	1	0.49057344728499996
M36R	1	1.062329795934
M36N	1	1.28023102892
M36D	1	1.21534747844
M36C	1	0.25169909350999997
M36Q	1	0.844823437508
M36E	1	0.945772174007
M36G	1	1.1463369027399999
M36H	1	0.9435639036299999
M36I	1	-0.110495514246
M36L	1	-0.12475807753536668
M36K	1	1.28938751899
M36F	1	-0.48162242562
M36P	1	1.395477561425
M36P,V41I	2	1.28891755206
M36S	1	0.95230812045
M36T	1	0.8221024061815
M36W	1	-0.48631923836400004
M36Y	1	-0.175465307727
M36V	1	0.05792932697034999
F20A	1	1.184657571165
F20R	1	0.9687506079359999
F20N	1	1.30422402427
F20D	1	1.34627510375
F20C	1	0.885360340472
F20Q	1	1.1652689901100002
F20E	1	1.2754741917499999
F20G	1	1.30536345268
F20H	1	1.10928789545
F20I	1	-0.0726877558842
F20L	1	0.45114760080167504
F20K	1	1.22090185949
F20M	1	0.589698527111
F20P	1	1.28450946913
F20S	1	1.2420971594433332
F20*	1	-2.21832956214
F20T	1	1.251549510255
F20W	1	0.244744051179
F20Y	1	0.46640746583400006
F20V	1	0.443555481478
F21A	1	1.0883422118850001
F21R	1	1.1623871235266667
F21N	1	1.1663043233900001
F21D	1	1.27929135448
F21C	1	0.758967624592
F21Q	1	1.2345377337299999
F21E	1	1.13083242788
F21G	1	1.29006887346
F21H	1	1.1524750727700002
F21I	1	0.292987681923
F21L	1	0.27529369196966663
F21K	1	1.2318236886799998
F21M	1	0.522847084419
F21P	1	1.34746291845
F21S	1	1.27699341125
F21*	1	-1.66871246684
F21T	1	1.146432378275
F21W	1	0.221827090827
F21Y	1	0.302096372863
F21V	1	0.6330100122679999
F5A	1	0.12456734942165
F5R	1	0.12605695822073334
F5N	1	0.480131387392
F5D	1	0.796246979849
F5C	1	-0.0370709397719
F5Q	1	0.663529025105
F5E	1	0.24499901716400002
F5G	1	0.4250248644515
F5H	1	0.431218899013
F5I	1	-0.109325484652
F5L	1	0.037265052652040005
F5K	1	0.662421151371
F5M	1	-0.184571516959
F5P	1	0.32089557095800003
F5S	1	0.415898784777
F5T	1	-0.0014955205827499943
F5W	1	0.139783253922
F5Y	1	0.545061768398
F5V	1	0.015587580590449998
S27A	1	-0.085248362105735
S27R	1	0.10369217046229999
S27N	1	0.17303440127
S27D	1	0.0547421355124
S27C	1	-0.267547789479
S27Q	1	0.128537413219
S27E	1	0.306039756808
S27G	1	-0.1713178232755
S27H	1	0.499948808988
S27I	1	-0.212747693525
S27L	1	-0.14108425279023332
S27K	1	0.0370516540829
S27M	1	0.0021302886994900004
S27F	1	-0.19329090258900003
S27P	1	0.26538092483705
S27T	1	-0.1419563164357
S27W	1	-0.0686947088197
S27Y	1	-0.273650629262
S27V	1	0.13926731069999998
S9A	1	-0.13907932951143
S9R	1	-0.14134673998473332
S9N	1	-0.0009960002841130002
S9D	1	0.202002227373
S9C	1	-0.182886148591
S9Q	1	-0.154479679485
S9E	1	-0.244352691068
S9G	1	-0.083268954503
S9H	1	-0.260738164284
S9I	1	0.025507739959
S9L	1	-0.6488591789576666
S9K	1	0.0736495029407
S9M	1	-0.117922625184
S9F	1	-0.8682464730789999
S9P	1	0.09184314072925001
S9T	1	-0.08435100839495
S9W	1	-1.05280166374
S9Y	1	-0.362782686315
S9V	1	-0.1990965981012
Y11A	1	0.39998575991999996
Y11R	1	0.858504988435
Y11N	1	0.636021434169
Y11D	1	0.705743559882
Y11C	1	0.483461861241
Y11Q	1	0.779364506338
Y11E	1	0.0834007349876
Y11G	1	0.37554333653
Y11H	1	0.810941564522
Y11I	1	0.124014009154
Y11L	1	0.149429805633
Y11K	1	0.781976064823
Y11M	1	0.297231252597
Y11F	1	-0.29117090805
Y11P	1	0.631617903333
Y11S	1	0.7494740787786668
Y11T	1	0.6829969433475
Y11W	1	-0.0502264928299
Y11V	1	0.1691768241212
V13A	1	0.5501672188665
V13R	1	0.19837599577833334
V13N	1	0.548668972286
V13D	1	0.842132818574
V13C	1	0.271306192374
V13Q	1	0.791871267089
V13E	1	0.0822848167283
V13G	1	0.695403963671
V13H	1	0.671600425059
V13I	1	-0.346126325016
V13L	1	-0.06224837357459998
V13K	1	0.292597940502
V13M	1	0.07079528273680001
V13F	1	-0.41202432219000007
V13P	1	0.6736348174455
V13S	1	0.04313806989036669
V13T	1	0.6361695417805
V13W	1	-0.031008786153099998
V13Y	1	-0.236389467282
V19A	1	0.783403943408
V19R	1	1.07184930561
V19N	1	1.3267474156399999
V19D	1	1.2484771810700002
V19C	1	0.466269284258
V19Q	1	1.17170582641
V19E	1	1.02060294229
V19G	1	1.1884462500800002
V19H	1	0.86254811779
V19I	1	-0.0344914403226
V19L	1	0.07767019740146668
V19K	1	1.0822967850299998
V19M	1	0.11849674835599999
V19F	1	-0.251125069983
V19P	1	1.26414174658
V19S	1	1.1139063726666667
V19T	1	0.6780302909165
V19W	1	-0.17006583341499998
V19Y	1	-0.330865636118
V25A	1	0.09922837720849997
V25R	1	0.036114306508333326
V25N	1	0.6761660194820001
V25D	1	0.311386173924
V25C	1	0.0876257890562
V25Q	1	0.40251172802699997
V25E	1	0.718673472103
V25G	1	0.43482271560499997
V25H	1	0.378335182015
V25I	1	-0.121243252523
V25L	1	-0.2712625736106667
V25K	1	0.375189088456
V25M	1	0.147287360196
V25F	1	-0.14312378706599999
V25P	1	0.1659759433873
V25S	1	0.313518606965
V25T	1	0.27037700897399997
V25W	1	-0.320233446203
V25Y	1	-0.0679934768518
V37A	1	0.926770316193
V37R	1	1.10761317323
V37N	1	1.06606195135
V37D	1	1.3066225063799999
V37C	1	0.519973138108
V37Q	1	0.989202264492
V37E	1	1.02482140901
V37G	1	1.16359288616
V37H	1	0.42429326951800006
V37I	1	-0.950523748674
V37L	1	-0.08653818685666669
V37K	1	1.3185784577
V37M	1	0.409871581118
V37F	1	-0.402623395201
V37P	1	1.332881021715
V37S	1	1.1064963582186669
V37T	1	0.9728361396009999
V37W	1	-0.484254151261
V37Y	1	-0.109112915755
V40A	1	0.628988206986
V40R	1	0.7895979488726667
V40N	1	0.497582680756
V40D	1	0.9972135909119999
V40C	1	-0.0897484979445
V40Q	1	0.5103804041910001
V40E	1	0.841833713796
V40G	1	0.9354265279614999
V40H	1	0.7228211580689999
V40I	1	-0.8897137076459999
V40L	1	0.10988029418944
V40K	1	0.718208694402
V40M	1	-0.266861868497
V40P	1	0.8268000431955
V40S	1	0.570783225458
V40T	1	0.49669258496400004
V40W	1	-0.519397141499
V40Y	1	-0.09221175479489999
V41A	1	0.492186003194
V41R	1	0.3338189445553333
V41N	1	0.8776480547490001
V41D	1	0.722565321242
V41C	1	0.341686264679
V41Q	1	0.6921752171250001
V41E	1	0.326968821561
V41G	1	0.792295825098
V41H	1	0.168952069742
V41I	1	-0.116686803813
V41L	1	0.012792490222033331
V41K	1	0.424733800762
V41M	1	0.190839812227
V41F	1	-0.204180326437
V41P	1	1.07046139922
V41S	1	0.502399922512
V41*	1	-2.7862004871900004
V41T	1	0.09232573755064999
V41W	1	-0.602362835876
V41Y	1	-0.516526377852
