variant,position,single_mutant,nuc,sol,syn
D2G,D1,G,0.103157483,0.096129522,0.061090697
D2A,D1,A,-0.931693554,-0.113719538,-0.238987729
D2V,D1,V,-1.874106169,-0.533472896,-0.537711799
D2L,D1,L,-1.403844118,-0.58216989,-0.644898713
D2M,D1,M,-1.042608738,-0.433201253,-0.554692864
D2I,D1,I,-1.186659336,-0.627575457,-0.621002614
D2F,D1,F,-1.680468202,-0.591989398,-0.591612279
D2Y,D1,Y,-0.89214325,-0.505639791,-0.512052357
D2W,D1,W,-1.123401642,-0.605938494,-0.606698692
D2K,D1,K,-0.263146698,-0.193337888,-0.265301436
D2R,D1,R,-0.085528776,-0.384321541,-0.414420903
D2D,D1,D,-0.980246425,0.069235571,0.097925678
D2E,D1,E,-0.374427915,-0.0949343,-0.173228279
D2S,D1,S,-0.222018808,-0.020558182,-0.067536004
D2T,D1,T,-1.164575577,-0.297546297,-0.239938155
D2C,D1,C,-0.980711758,-0.26071021,-0.379771084
D2N,D1,N,-0.075333521,0.05252457,-0.016574902
D2Q,D1,Q,-0.324242502,-0.207914516,-0.314054966
D2H,D1,H,-0.834922612,-0.246573001,-0.329853863
D2P,D1,P,-0.886739254,-0.147951335,-0.134157985
A3G,A2,G,-0.937574506,0.297986537,0.329408199
A3A,A2,A,-0.980246484,0.069235571,0.097925678
A3V,A2,V,-1.903138161,-0.182510287,-0.211415917
A3L,A2,L,-1.716516733,-0.191673279,-0.269645989
A3M,A2,M,-0.594917059,-0.046845581,-0.177073523
A3I,A2,I,-1.059503198,-0.234809473,-0.30671832
A3F,A2,F,-1.892692089,-0.327042878,-0.3752231
A3Y,A2,Y,-1.135624766,-0.311145633,-0.257468432
A3W,A2,W,-1.119410753,-0.430478543,-0.465519696
A3K,A2,K,-0.752459168,0.111406974,0.163191423
A3R,A2,R,-1.007433534,-0.108767584,0.023626605
A3D,A2,D,-1.207435131,0.222962871,0.312171787
A3E,A2,E,-1.434635878,0.179919019,0.166912749
A3S,A2,S,-0.950515509,0.160158142,0.269279808
A3T,A2,T,-0.879702985,-0.013966399,0.148838505
A3C,A2,C,-1.278569818,-0.012907018,0.034698445
A3N,A2,N,-0.795853794,0.261205792,0.288826376
A3Q,A2,Q,-1.053919315,0.180425331,0.210975066
A3H,A2,H,-1.514860749,0.156272352,0.177597865
A3P,A2,P,-0.916156292,0.223298579,0.469453901
E4G,E3,G,-0.190347016,-0.090964526,0.050914336
E4A,E3,A,-1.333505869,-0.192645133,-0.084704742
E4V,E3,V,-1.557598829,-0.673248887,-0.367696643
E4L,E3,L,-1.692228556,-0.624379694,-0.414659232
E4M,E3,M,-0.761621594,-0.474133611,-0.313771188
E4I,E3,I,-0.761836052,-0.772881269,-0.461375058
E4F,E3,F,-2.117995739,-0.671203494,-0.425585985
E4Y,E3,Y,-0.962687135,-0.526058078,-0.263292402
E4W,E3,W,-1.530700564,-0.64454788,-0.437135339
E4K,E3,K,-0.418729722,-0.03334235,0.016493609
E4R,E3,R,-0.41615817,-0.198137522,-0.107044101
E4D,E3,D,-1.297369242,0.023270408,0.142756805
E4E,E3,E,-0.980246484,0.069235571,0.097925678
E4S,E3,S,-0.315360963,-0.107907727,0.049889777
E4T,E3,T,-0.714295387,-0.236298099,-0.016091088
E4C,E3,C,-1.627071857,-0.28299585,-0.138731793
E4N,E3,N,-0.349903136,-0.018575998,0.075439855
E4Q,E3,Q,-0.596321344,-0.071752205,0.052361071
E4H,E3,H,-1.159683347,-0.126083642,-0.03037989
E4P,E3,P,-0.850352287,-0.236161098,0.140563786
F5G,F4,G,-1.351173997,0.523660541,0.507832587
F5A,F4,A,-1.201421976,0.340328127,0.394329011
F5V,F4,V,-1.34514761,0.174801618,0.203209206
F5L,F4,L,-1.296970606,0.08244364,0.141550288
F5M,F4,M,-0.526345313,0.205695242,0.206788704
F5I,F4,I,-0.977116823,0.065847024,0.126158804
F5F,F4,F,-0.980246484,0.069235571,0.097925678
F5Y,F4,Y,-0.563215196,0.050135825,0.203469485
F5W,F4,W,-0.803070188,-0.091518432,0.053809304
F5K,F4,K,-0.695986807,0.347016126,0.513107359
F5R,F4,R,-0.592515528,0.085460857,0.397170246
F5D,F4,D,-1.259597421,0.533703029,0.583503723
F5E,F4,E,-1.323654413,0.450910091,0.506347358
F5S,F4,S,-0.8960495,0.414373547,0.494359583
F5T,F4,T,-0.74875766,0.253715545,0.4415811
F5C,F4,C,-1.119461775,0.207833081,0.282596678
F5N,F4,N,-0.713680267,0.516536176,0.497925848
F5Q,F4,Q,-0.683791876,0.405519396,0.497252882
F5H,F4,H,-0.859740317,0.390048057,0.423982412
F5P,F4,P,-1.015977383,0.404936194,0.655470371
R6G,R5,G,-2.260030985,0.006208001,0.240577966
R6A,R5,A,-2.350817919,-0.058084965,0.108441211
R6V,R5,V,-1.616281271,-0.219102442,-0.071237728
R6L,R5,L,-1.660920143,-0.241081074,-0.144844487
R6M,R5,M,-1.245007157,-0.121652253,-0.067878209
R6I,R5,I,-1.458539486,-0.262282461,-0.154002652
R6F,R5,F,-1.545197487,-0.2522811,-0.154393137
R6Y,R5,Y,-1.337257981,-0.172924742,-0.05208673
R6W,R5,W,-1.632066965,-0.233271658,-0.160778463
R6K,R5,K,-1.606011152,0.139669627,0.186041281
R6R,R5,R,-0.980246484,0.069235571,0.097925678
R6D,R5,D,-2.463955641,0.148946434,0.271582097
R6E,R5,E,-2.027993441,0.133682176,0.189976662
R6S,R5,S,-1.793298125,0.053342197,0.214814186
R6T,R5,T,-2.052536964,0.004638978,0.175338984
R6C,R5,C,-1.815449238,-0.010860455,0.062520482
R6N,R5,N,-1.623338103,0.114994377,0.221500739
R6Q,R5,Q,-1.271038532,0.084583893,0.172346815
R6H,R5,H,-1.419273376,0.060165059,0.133003935
R6P,R5,P,-2.322281122,-0.053545248,0.262321085
H7G,H6,G,-1.794223189,0.205061316,0.278412819
H7A,H6,A,-1.86193037,0.100978032,0.158999279
H7V,H6,V,-1.697864056,-0.148348585,-0.091553092
H7L,H6,L,-1.844221592,-0.15469192,-0.155838087
H7M,H6,M,-1.114893436,-0.096634164,-0.137671009
H7I,H6,I,-1.518308401,-0.219997019,-0.188858792
H7F,H6,F,-1.406251669,-0.232716277,-0.261389613
H7Y,H6,Y,-1.056210756,-0.195805669,-0.196338341
H7W,H6,W,-1.509030581,-0.261135966,-0.328509837
H7K,H6,K,-1.234796286,0.126995742,0.191740498
H7R,H6,R,-0.396963477,-0.008804556,0.041280746
H7D,H6,D,-1.90181756,0.256301731,0.300375491
H7E,H6,E,-1.425042152,0.260157168,0.242367029
H7S,H6,S,-1.336937189,0.129627079,0.204000816
H7T,H6,T,-1.557750702,0.023646668,0.138964191
H7C,H6,C,-1.315256834,-0.046840452,-0.03567943
H7N,H6,N,-1.364155531,0.168983981,0.201304451
H7Q,H6,Q,-0.875216961,0.114939414,0.170171782
H7H,H6,H,-0.980246484,0.069235571,0.097925678
H7P,H6,P,-1.598747969,0.075172357,0.309551716
D8G,D7,G,-0.403335482,0.065917753,0.081425212
D8A,D7,A,-0.968659639,-0.035218444,-0.004250465
D8V,D7,V,-1.289340615,-0.170808315,-0.194413304
D8L,D7,L,-1.355246544,-0.226639688,-0.276355535
D8M,D7,M,-0.688407838,-0.177113503,-0.227302507
D8I,D7,I,-0.885349393,-0.273461312,-0.299238533
D8F,D7,F,-1.387888432,-0.267316043,-0.3497006
D8Y,D7,Y,-0.881847382,-0.304034859,-0.305989265
D8W,D7,W,-1.207961082,-0.349086285,-0.421717316
D8K,D7,K,-0.645998716,-0.149585813,0.003640545
D8R,D7,R,-0.295413703,-0.493106514,-0.178067312
D8D,D7,D,-0.980246484,0.069235571,0.097925678
D8E,D7,E,-1.18609345,-0.009319645,0.076454118
D8S,D7,S,-0.545223534,-0.079286277,0.028796477
D8T,D7,T,-1.003350616,-0.195548713,-0.019752398
D8C,D7,C,-1.104788542,-0.195098266,-0.163949668
D8N,D7,N,-0.350721717,0.039271403,0.004497831
D8Q,D7,Q,-0.623806715,-0.185994595,-0.006655628
D8H,D7,H,-0.970122457,-0.105149262,-0.088170342
D8P,D7,P,-1.375212431,-0.469874233,0.068937138
S9G,S8,G,-0.794075668,0.154538721,0.23395513
S9A,S8,A,-1.38673377,-0.055484053,-0.003106596
S9V,S8,V,-1.347859859,-0.374468446,-0.33447054
S9L,S8,L,-1.560969949,-0.444844872,-0.466064602
S9M,S8,M,-1.011710286,-0.306063861,-0.397950023
S9I,S8,I,-0.738354027,-0.460489362,-0.464819223
S9F,S8,F,-1.4068681,-0.497623771,-0.564365447
S9Y,S8,Y,-1.093722105,-0.394387782,-0.451989084
S9W,S8,W,-1.792506933,-0.493335366,-0.627354801
S9K,S8,K,-0.989862859,-0.014350777,0.013171481
S9R,S8,R,-0.091185458,-0.136254817,-0.194381133
S9D,S8,D,-1.376568675,0.111349195,0.189941436
S9E,S8,E,-0.698139131,0.060452465,0.078712247
S9S,S8,S,-0.980246663,0.069235675,0.097925797
S9T,S8,T,-0.859672308,-0.107647374,-0.031620372
S9C,S8,C,-1.99421978,-0.144271404,-0.252639443
S9N,S8,N,-0.926713943,0.085552126,0.071977295
S9Q,S8,Q,-0.430196404,-0.020151993,-0.017837459
S9H,S8,H,-1.183038354,-0.070736431,-0.107408568
S9P,S8,P,-0.483574748,0.043129843,0.141851172
G10G,G9,G,-0.980246484,0.069235571,0.097925678
G10A,G9,A,-2.085668325,-0.112734132,-0.107367292
G10V,G9,V,-1.36786902,-0.450932473,-0.413445383
G10L,G9,L,-1.91062665,-0.501071692,-0.532442689
G10M,G9,M,-1.110317349,-0.362361282,-0.460274965
G10I,G9,I,-0.907646418,-0.515669703,-0.517059624
G10F,G9,F,-1.546010971,-0.554127753,-0.602237165
G10Y,G9,Y,-1.380809665,-0.450799286,-0.49775061
G10W,G9,W,-1.971965075,-0.537708938,-0.638048828
G10K,G9,K,-1.572247267,0.002454615,-0.069518082
G10R,G9,R,-0.82960093,-0.050991356,-0.234826609
G10D,G9,D,-1.966460466,0.052079216,0.097675234
G10E,G9,E,-1.792179108,0.035157554,-0.000827535
G10S,G9,S,-1.116027355,0.007120233,-0.010656688
G10T,G9,T,-1.381459594,-0.157712996,-0.124235779
G10C,G9,C,-1.824008346,-0.185684338,-0.303508252
G10N,G9,N,-1.152845383,0.015148302,-0.022125037
G10Q,G9,Q,-1.20346272,-0.023058843,-0.090179712
G10H,G9,H,-1.398697257,-0.112909146,-0.180967122
G10P,G9,P,-1.823701859,0.12188331,0.092234373
Y11G,Y10,G,-1.184082031,0.574865818,0.738111079
Y11A,Y10,A,-2.814951658,0.498622328,0.589222491
Y11V,Y10,V,-1.048826814,0.22544834,0.312793016
Y11L,Y10,L,-1.773506641,0.11787568,0.199603319
Y11M,Y10,M,-0.961426735,0.242953941,0.267750293
Y11I,Y10,I,-1.204688311,0.105605148,0.170031026
Y11F,Y10,F,-0.603585422,0.036339942,0.08741343
Y11Y,Y10,Y,-0.980246484,0.069235571,0.097925678
Y11W,Y10,W,-1.620990276,-0.034737263,-0.039315354
Y11K,Y10,K,-2.005682945,0.610716641,0.659621656
Y11R,Y10,R,-1.018376112,0.61439985,0.520843983
Y11D,Y10,D,-2.667404413,0.659209371,0.797752917
Y11E,Y10,E,-3.337479115,0.622136772,0.697810054
Y11S,Y10,S,-0.786186934,0.565501332,0.635654151
Y11T,Y10,T,-2.115167856,0.474254012,0.538840771
Y11C,Y10,C,-0.737819731,0.319106489,0.327604473
Y11N,Y10,N,-0.556980491,0.580936432,0.68540144
Y11Q,Y10,Q,-1.280825138,0.563892782,0.616072357
Y11H,Y10,H,-0.60117054,0.477282256,0.549758136
Y11P,Y10,P,-3.562072515,0.733228564,0.735949576
E12G,E11,G,0.016918615,0.296251804,0.274122924
E12A,E11,A,-0.875252366,-0.098223433,-0.163354695
E12V,E11,V,-0.492903292,-0.434325755,-0.747873425
E12L,E11,L,-0.837609649,-0.521431148,-0.940905869
E12M,E11,M,-0.360288739,-0.437243253,-0.827917635
E12I,E11,I,0.139918268,-0.536224127,-0.938530147
E12F,E11,F,-1.128008962,-0.598749518,-1.027466893
E12Y,E11,Y,-1.069210768,-0.525541425,-0.910655618
E12W,E11,W,-1.380793095,-0.63334167,-1.095894933
E12K,E11,K,-0.738333583,0.047852557,-0.002911669
E12R,E11,R,-0.406104863,-0.165190399,-0.324381083
E12D,E11,D,-0.220588565,0.263313144,0.337708801
E12E,E11,E,-0.980246484,0.069235571,0.097925678
E12S,E11,S,-0.592969954,0.102607615,0.029687019
E12T,E11,T,0.004649907,-0.132914156,-0.210120559
E12C,E11,C,-2.306956291,-0.250388533,-0.569453657
E12N,E11,N,-0.381422997,0.237127021,0.136192426
E12Q,E11,Q,-0.519006014,-0.040575933,-0.108077012
E12H,E11,H,-0.840828776,-0.108338378,-0.274761468
E12P,E11,P,-0.290951908,0.180121303,0.219046518
V13G,V12,G,-0.585422158,0.705178499,0.654070318
V13A,V12,A,-0.504519701,0.418168038,0.482369453
V13V,V12,V,-0.980246484,0.069235571,0.097925678
V13L,V12,L,-1.466757298,-0.07122723,-0.052155625
V13M,V12,M,-0.605176687,0.065413177,0.012423305
V13I,V12,I,-0.823360205,-0.081611872,-0.089966983
V13F,V12,F,-1.22291851,-0.215167403,-0.231433317
V13Y,V12,Y,-0.867816448,-0.110722974,-0.087063804
V13W,V12,W,-1.387186527,-0.295556217,-0.336671978
V13K,V12,K,-0.195514917,0.487228572,0.59522146
V13R,V12,R,0.572986841,0.197956353,0.423427552
V13D,V12,D,-0.799132526,0.693174481,0.701968431
V13E,V12,E,0.248708248,0.624982297,0.672803938
V13S,V12,S,-0.279607058,0.482504934,0.498323798
V13T,V12,T,-0.489387929,0.268604189,0.38014707
V13C,V12,C,-1.177413344,0.158080935,0.139471114
V13N,V12,N,-0.493862033,0.625785589,0.578966796
V13Q,V12,Q,-0.113897383,0.454958379,0.563938439
V13H,V12,H,-0.435853213,0.367321789,0.419528306
V13P,V12,P,-0.374150038,0.468322337,0.694794834
H14G,H13,G,0.438621372,0.493581146,0.550285041
H14A,H13,A,-1.117876291,0.116899058,0.191741645
H14V,H13,V,-1.069581866,-0.42319265,-0.588718355
H14L,H13,L,-1.443873048,-0.541687191,-0.699172437
H14M,H13,M,-0.815989494,-0.441004723,-0.649466157
H14I,H13,I,-0.400670707,-0.636476994,-0.82935071
H14F,H13,F,-1.339338303,-0.847057402,-0.98380059
H14Y,H13,Y,-0.478922814,-0.731895447,-0.768238425
H14W,H13,W,-1.153434038,-0.911747217,-1.033123374
H14K,H13,K,-0.841109276,0.509019136,0.591148436
H14R,H13,R,-0.928781867,0.221583575,0.31198737
H14D,H13,D,-1.153058887,0.64873755,0.752571166
H14E,H13,E,-1.065679193,0.598455489,0.58699286
H14S,H13,S,-0.413163751,0.336068988,0.378544569
H14T,H13,T,-0.589040637,-0.011810391,0.06220502
H14C,H13,C,-1.323544741,-0.293152541,-0.382082969
H14N,H13,N,-0.049774349,0.503605664,0.555923879
H14Q,H13,Q,-0.9470222,0.402058214,0.451802641
H14H,H13,H,-0.980246484,0.069235571,0.097925678
H14P,H13,P,-1.006373167,0.696896553,0.703960359
H15G,H14,G,-0.115861863,0.550561249,0.500344455
H15A,H14,A,-0.903092504,0.070219874,0.103687972
H15V,H14,V,-1.009071708,-0.612066984,-0.583239079
H15L,H14,L,-0.670545578,-0.836938202,-0.826681852
H15M,H14,M,-0.802421331,-0.618100345,-0.664955199
H15I,H14,I,-0.005659156,-0.86587429,-0.829057932
H15F,H14,F,-1.110447407,-1.054227948,-1.017343521
H15Y,H14,Y,-1.441941023,-0.945058703,-0.836689293
H15W,H14,W,-1.56295681,-1.180020452,-1.125838041
H15K,H14,K,-1.435763359,0.498007357,0.50607723
H15R,H14,R,-0.990798354,0.260008484,0.233104929
H15D,H14,D,-1.433078051,0.698699951,0.709451437
H15E,H14,E,-1.10664463,0.579077363,0.52861172
H15S,H14,S,-0.871391177,0.36307928,0.304083318
H15T,H14,T,-0.857816577,-0.01976094,0.049847905
H15C,H14,C,-1.832696676,-0.399706393,-0.418548405
H15N,H14,N,-0.732219636,0.55953908,0.511618197
H15Q,H14,Q,-0.887147784,0.407901049,0.41922316
H15H,H14,H,-0.980246425,0.069235571,0.097925678
H15P,H14,P,-0.749319971,0.738662839,0.669407308
Q16G,Q15,G,0.192219973,0.308209389,0.352179557
Q16A,Q15,A,-0.740304112,-0.319375962,-0.219780058
Q16V,Q15,V,-0.169980049,-0.951662898,-1.026097298
Q16L,Q15,L,-0.639167428,-1.139186978,-1.257388949
Q16M,Q15,M,-0.156013757,-0.973139346,-1.11806345
Q16I,Q15,I,0.952459931,-1.180187106,-1.277827382
Q16F,Q15,F,-0.250761271,-1.405017972,-1.453957796
Q16Y,Q15,Y,-0.728093624,-1.249725938,-1.232532024
Q16W,Q15,W,-1.097059965,-1.48892498,-1.504736543
Q16K,Q15,K,-2.004064083,0.268351167,0.264158696
Q16R,Q15,R,-2.369908571,-0.175450563,-0.108071968
Q16D,Q15,D,-1.446467996,0.484241694,0.5760414
Q16E,Q15,E,-1.683349371,0.337953895,0.302508265
Q16S,Q15,S,-1.238880754,0.063556403,0.139005736
Q16T,Q15,T,-0.10310065,-0.387619466,-0.25767684
Q16C,Q15,C,-1.547476053,-0.75593251,-0.786249936
Q16N,Q15,N,-0.02675342,0.359264374,0.370260805
Q16Q,Q15,Q,-0.980246484,0.069235571,0.097925678
Q16H,Q15,H,-0.216709673,-0.255471438,-0.266101301
Q16P,Q15,P,0.101165526,0.470513314,0.568793952
K17G,K16,G,0.150876403,-0.002302741,0.019356946
K17A,K16,A,-2.198717833,-0.502156913,-0.381250232
K17V,K16,V,-2.995975494,-1.255808353,-1.123881817
K17L,K16,L,-3.540430069,-1.353444576,-1.250649571
K17M,K16,M,-2.497801065,-1.180877447,-1.145163298
K17I,K16,I,-2.568826914,-1.456133723,-1.316252947
K17F,K16,F,-3.141510248,-1.549358606,-1.374094963
K17Y,K16,Y,-2.615236044,-1.405269742,-1.169348598
K17W,K16,W,-3.058791637,-1.563161612,-1.362272143
K17K,K16,K,-0.980246484,0.069235571,0.097925678
K17R,K16,R,-1.205599308,-0.249417514,-0.249566749
K17D,K16,D,-0.92317754,0.268006057,0.28843841
K17E,K16,E,-1.838435173,-0.014024624,-0.009287992
K17S,K16,S,0.010586902,-0.135268837,-0.109725423
K17T,K16,T,-0.342433512,-0.5804075,-0.444852561
K17C,K16,C,-3.096439123,-0.955788851,-0.84211117
K17N,K16,N,0.117499076,0.111847311,0.092809543
K17Q,K16,Q,-1.055692911,-0.189999998,-0.173487097
K17H,K16,H,-1.777645588,-0.520351529,-0.491723627
K17P,K16,P,-1.66935873,0.201158464,0.22794944
L18G,L17,G,0.750280142,1.012975335,1.13942337
L18A,L17,A,-1.30162859,0.782720685,0.8900069
L18V,L17,V,0.075159363,0.300025761,0.304202706
L18L,L17,L,-0.980246484,0.069235571,0.097925678
L18M,L17,M,-0.301742345,0.213596821,0.219411284
L18I,L17,I,0.704451323,0.034095012,0.027252458
L18F,L17,F,0.036743172,-0.270042479,-0.163689762
L18Y,L17,Y,-1.475528836,-0.101962447,0.140899241
L18W,L17,W,-1.509469271,-0.375488967,-0.184785604
L18K,L17,K,-2.55055356,1.048101544,1.180701494
L18R,L17,R,-3.273380041,0.822528124,0.98420769
L18D,L17,D,-1.011077404,1.136996508,1.270968795
L18E,L17,E,-3.600996494,1.060824275,1.11887598
L18S,L17,S,-0.504036605,0.92224139,1.006536961
L18T,L17,T,1.157500982,0.720021725,0.839868665
L18C,L17,C,-2.0727911,0.351510316,0.468436092
L18N,L17,N,0.046395905,1.054036021,1.142328501
L18Q,L17,Q,-1.943866968,0.916632593,1.003157735
L18H,L17,H,-1.035679817,0.772339821,0.833613455
L18P,L17,P,-1.77805233,1.150026321,1.293368936
V19G,V18,G,-1.283073783,1.106847167,1.000861406
V19A,V18,A,-1.573365927,0.774156451,0.745069385
V19V,V18,V,-0.980246425,0.069235571,0.097925678
V19L,V18,L,-2.438101053,0.011666692,0.031995401
V19M,V18,M,-0.975584984,0.131389529,0.121397816
V19I,V18,I,-0.862034321,-0.148238763,-0.108533539
V19F,V18,F,-1.228266001,-0.277397871,-0.153930306
V19Y,V18,Y,-1.175528884,-0.055733707,0.140332386
V19W,V18,W,-1.843779683,-0.27602151,-0.09564846
V19K,V18,K,-1.458045006,1.146566272,1.052297354
V19R,V18,R,-0.781001091,1.016856194,0.871214569
V19D,V18,D,-1.423654914,1.237443447,1.099004269
V19E,V18,E,-1.114094734,1.111308455,0.977488458
V19S,V18,S,-0.838881254,1.001312733,0.859978259
V19T,V18,T,-0.682401657,0.715221643,0.659906089
V19C,V18,C,-1.800148606,0.305357516,0.358962506
V19N,V18,N,-0.598167777,1.159258366,1.008093119
V19Q,V18,Q,-0.598406792,0.973595202,0.869798481
V19H,V18,H,-0.596554279,0.811191738,0.709783733
V19P,V18,P,-1.172659397,1.30941236,1.107331038
F20G,F19,G,0.122882046,1.258440614,1.292275906
F20A,F19,A,-0.981883764,0.986390591,0.984252095
F20V,F19,V,-0.304034829,0.531719089,0.452080429
F20L,F19,L,-0.963575602,0.468789011,0.336470634
F20M,F19,M,-0.890672386,0.478428543,0.385464042
F20I,F19,I,0.613050461,0.277902037,0.207751989
F20F,F19,F,-0.980246484,0.069235571,0.097925678
F20Y,F19,Y,-1.15948689,0.283297092,0.403717101
F20W,F19,W,-1.550203323,0.106188789,0.227710232
F20K,F19,K,-1.837534904,1.214879632,1.266241193
F20R,F19,R,-2.177349091,0.936428666,1.074571133
F20D,F19,D,-1.664106369,1.335362792,1.379509211
F20E,F19,E,-1.771347046,1.213655829,1.184084177
F20S,F19,S,-1.636508465,1.09980166,1.097132206
F20T,F19,T,-0.693469286,0.85377264,0.894084513
F20C,F19,C,-2.025517941,0.60179019,0.577907085
F20N,F19,N,-0.57970202,1.286936641,1.282194853
F20Q,F19,Q,-1.617959738,1.040706754,1.043168545
F20H,F19,H,-1.304191232,0.917914987,0.91529882
F20P,F19,P,-1.340932846,1.255988598,1.303678155
F21G,F20,G,0.74904263,1.174294353,1.239730477
F21A,F20,A,0.039837189,0.967144251,0.952444613
F21V,F20,V,-1.043310761,0.564973474,0.470457166
F21L,F20,L,-0.805026412,0.39675495,0.356848478
F21M,F20,M,-0.766404092,0.534928858,0.4292638
F21I,F20,I,0.200113982,0.345602304,0.288429409
F21F,F20,F,-0.980246484,0.069235571,0.097925678
F21Y,F20,Y,-0.621730983,0.291962594,0.394738913
F21W,F20,W,-1.177835464,0.060997065,0.19916603
F21K,F20,K,-0.758417666,1.295985579,1.258975983
F21R,F20,R,-0.946042061,1.191257358,1.116444349
F21D,F20,D,-0.89476788,1.347249627,1.367172122
F21E,F20,E,-0.26338169,1.252122998,1.178629398
F21S,F20,S,-0.626324177,1.14667356,1.068742394
F21T,F20,T,-0.453260064,0.953028679,0.892223775
F21C,F20,C,-1.996768355,0.628811896,0.541407764
F21N,F20,N,0.033924662,1.249602437,1.22245419
F21Q,F20,Q,-0.689071894,1.129114032,1.055172682
F21H,F20,H,-0.901418686,0.963365078,0.917680442
F21P,F20,P,-0.249082386,1.388662219,1.302917719
A22G,A21,G,-0.773798823,0.569455504,0.459047049
A22A,A21,A,-0.980246484,0.069235571,0.097925678
A22V,A21,V,-0.075502396,-0.428492427,-0.394639134
A22L,A21,L,-0.319880247,-0.623749137,-0.544946849
A22M,A21,M,0.010147929,-0.472601831,-0.432875246
A22I,A21,I,0.736315131,-0.628110707,-0.551285088
A22F,A21,F,0.085708074,-0.845475078,-0.674086034
A22Y,A21,Y,-0.729109466,-0.661849141,-0.391457796
A22W,A21,W,-1.027258396,-0.908572674,-0.656764448
A22K,A21,K,-2.160075903,0.537842572,0.514136732
A22R,A21,R,-2.211186647,0.37782371,0.341937214
A22D,A21,D,-2.29292798,0.755393863,0.653366745
A22E,A21,E,-2.238135099,0.65091145,0.520209193
A22S,A21,S,-1.885516882,0.464195281,0.368247509
A22T,A21,T,-1.218243003,0.109624974,0.176690966
A22C,A21,C,-1.688705206,-0.268030584,-0.17339246
A22N,A21,N,-0.772073627,0.636092603,0.528241515
A22Q,A21,Q,-1.521863937,0.436906308,0.375871062
A22H,A21,H,-0.777894497,0.22446841,0.222881362
A22P,A21,P,-1.761177659,0.847160757,0.696315467
E23G,E22,G,1.897813082,0.154366285,0.158620551
E23A,E22,A,-0.301416874,-0.298200876,-0.174607307
E23V,E22,V,-0.933335602,-0.940033317,-0.687562048
E23L,E22,L,-1.143179297,-1.012118697,-0.783795059
E23M,E22,M,-0.843190312,-0.871968746,-0.693108559
E23I,E22,I,0.187857866,-1.094977498,-0.826095939
E23F,E22,F,-1.694653034,-1.168704629,-0.887752295
E23Y,E22,Y,-0.970240474,-1.023480654,-0.664447904
E23W,E22,W,-1.450974107,-1.181698322,-0.864523351
E23K,E22,K,-0.154456943,0.055808362,0.098157734
E23R,E22,R,-0.949687004,-0.109969266,-0.053011205
E23D,E22,D,-0.089312479,0.239353836,0.286752611
E23E,E22,E,-0.980246425,0.069235571,0.097925678
E23S,E22,S,0.683642983,0.039755452,0.071854018
E23T,E22,T,0.568979263,-0.340916157,-0.133498207
E23C,E22,C,-1.935328722,-0.662840843,-0.455943495
E23N,E22,N,0.921446323,0.178126886,0.176419541
E23Q,E22,Q,-0.313130379,-0.102163449,-0.02897718
E23H,E22,H,-1.202202559,-0.31769076,-0.208231688
E23P,E22,P,-0.374100924,0.334076732,0.335451752
D24G,D23,G,0.3675372,-0.009527623,-0.050780024
D24A,D23,A,-0.913623989,-0.411453813,-0.367162496
D24V,D23,V,-3.066553116,-0.969912231,-0.775977671
D24L,D23,L,-3.199059248,-1.133800864,-0.91512078
D24M,D23,M,-2.379957438,-0.915968418,-0.753138602
D24I,D23,I,-2.544238329,-1.154167056,-0.894322693
D24F,D23,F,-3.25429678,-1.230288625,-0.940721393
D24Y,D23,Y,-3.325126171,-1.149887323,-0.78144145
D24W,D23,W,-3.081740618,-1.324652314,-0.949559748
D24K,D23,K,-0.384028763,-0.197814792,-0.134734526
D24R,D23,R,-0.21193561,-0.414451867,-0.238589808
D24D,D23,D,-0.980246484,0.069235571,0.097925678
D24E,D23,E,-0.008037172,-0.080533311,-0.090847634
D24S,D23,S,0.249924004,-0.176389128,-0.14075464
D24T,D23,T,-0.707383752,-0.50365603,-0.297702372
D24C,D23,C,-2.823312521,-0.758164585,-0.551070631
D24N,D23,N,0.332873642,-0.009499666,-0.01156597
D24Q,D23,Q,-0.624514639,-0.29855141,-0.208119288
D24H,D23,H,-1.791886091,-0.442668349,-0.309291095
D24P,D23,P,-1.496776819,0.077069245,0.107525855
V25G,V24,G,-0.045174196,0.317813069,0.435090393
V25A,V24,A,-0.602809012,0.211048841,0.384520203
V25V,V24,V,-0.980246484,0.069235571,0.097925678
V25L,V24,L,-1.366887093,-0.206016883,-0.030478606
V25M,V24,M,-0.462619007,-0.041764077,0.092166647
V25I,V24,I,-0.178368002,-0.136302263,-0.049086455
V25F,V24,F,-1.02852273,-0.324871629,-0.120486498
V25Y,V24,Y,-1.349572897,-0.195351273,0.060316045
V25W,V24,W,-1.651786804,-0.454009712,-0.172933668
V25K,V24,K,-1.259147406,0.289662212,0.545193613
V25R,V24,R,-1.034253836,0.042037446,0.47511813
V25D,V24,D,-1.853039861,0.425038487,0.590835571
V25E,V24,E,-1.390509844,0.454972774,0.59502995
V25S,V24,S,-0.558189631,0.272798508,0.423002034
V25T,V24,T,-0.657932341,0.141652599,0.346844465
V25C,V24,C,-2.222671032,0.00153357,0.182442173
V25N,V24,N,0.000582814,0.371986419,0.503431618
V25Q,V24,Q,-0.837561131,0.311791062,0.504202008
V25H,V24,H,-0.9466905,0.229861587,0.413110882
V25P,V24,P,-1.638518929,0.238805354,0.610907078
G26G,G25,G,-0.980246484,0.069235571,0.097925678
G26A,G25,A,-2.261149406,-0.007199341,0.046672199
G26V,G25,V,-1.418816566,-0.222746521,-0.119117811
G26L,G25,L,-2.220721483,-0.32094875,-0.178900063
G26M,G25,M,-1.063961625,-0.208240703,-0.107353851
G26I,G25,I,-0.998100281,-0.329758137,-0.1945934
G26F,G25,F,-1.619684696,-0.405684292,-0.221602395
G26Y,G25,Y,-1.19368732,-0.303101003,-0.100409538
G26W,G25,W,-1.633157969,-0.470594615,-0.234949961
G26K,G25,K,-1.995298266,0.240632564,0.264585912
G26R,G25,R,-1.705090165,0.235682979,0.216089323
G26D,G25,D,-2.786780357,0.295124501,0.299708515
G26E,G25,E,-2.901033163,0.317683458,0.27994433
G26S,G25,S,-0.664777696,0.125358865,0.136180088
G26T,G25,T,-1.326570749,0.040394764,0.095623247
G26C,G25,C,-1.240850925,-0.15144299,-0.041999906
G26N,G25,N,-0.440862358,0.187121928,0.233136579
G26Q,G25,Q,-1.595020294,0.202065259,0.222869098
G26H,G25,H,-1.526328206,0.092203081,0.168638825
G26P,G25,P,-3.061583281,0.459326178,0.334196478
S27G,S26,G,-1.189841986,0.080708355,0.092606261
S27A,S26,A,-1.603053093,0.04453291,0.070950486
S27V,S26,V,-0.224805921,-0.035704661,-0.017532868
S27L,S26,L,-0.849099517,-0.090832114,-0.043285687
S27M,S26,M,-0.337022543,-0.033843331,0.000906435
S27I,S26,I,0.033441298,-0.074965529,-0.044292077
S27F,S26,F,-0.95819211,-0.150305182,-0.067867145
S27Y,S26,Y,-0.91722095,-0.129319057,-0.007742698
S27W,S26,W,-0.979615569,-0.189181224,-0.058126565
S27K,S26,K,-1.814012766,0.116368793,0.146412015
S27R,S26,R,-2.145713806,0.03844266,0.144506037
S27D,S26,D,-2.525909185,0.16644606,0.19878839
S27E,S26,E,-3.091492891,0.182011023,0.183676451
S27S,S26,S,-0.980246484,0.069235571,0.097925678
S27T,S26,T,-0.630346656,0.01796532,0.074144587
S27C,S26,C,-1.723721504,-0.048337627,0.011165952
S27N,S26,N,-0.536299646,0.126231432,0.159455255
S27Q,S26,Q,-1.355973244,0.110735208,0.1412469
S27H,S26,H,-1.396639585,0.086547986,0.13771756
S27P,S26,P,-2.6612854,0.116911329,0.188761249
N28G,N27,G,-2.400385618,0.002257292,0.024691889
N28A,N27,A,-3.067298174,-0.064907558,-0.082747534
N28V,N27,V,-0.422695905,-0.205246672,-0.249051139
N28L,N27,L,-1.434345007,-0.266054034,-0.325846583
N28M,N27,M,-0.788483322,-0.21114251,-0.244424269
N28I,N27,I,-0.468361676,-0.299768209,-0.333873063
N28F,N27,F,-0.976637602,-0.390881985,-0.349217445
N28Y,N27,Y,-0.326602995,-0.373108715,-0.268803269
N28W,N27,W,-1.404195428,-0.477564543,-0.37695542
N28K,N27,K,-3.389747858,0.081876829,0.05346825
N28R,N27,R,-3.160711527,-0.00361783,0.008908706
N28D,N27,D,-3.773761988,0.155255437,0.169754013
N28E,N27,E,-3.751262665,0.173986107,0.076117404
N28S,N27,S,-3.020027876,-0.002060584,0.008993812
N28T,N27,T,-3.170855284,-0.125789031,-0.057186618
N28C,N27,C,-1.437401652,-0.225467592,-0.167263225
N28N,N27,N,-0.980246425,0.069235571,0.097925678
N28Q,N27,Q,-2.732023954,0.058882024,0.017117292
N28H,N27,H,-1.657762527,-0.017244767,-0.009584988
N28P,N27,P,-3.798681259,0.225674063,0.148303971
K29G,K28,G,-2.387093306,0.188127324,0.121988922
K29A,K28,A,-3.139951944,-0.00090726,-0.001341563
K29V,K28,V,-2.127758265,-0.307254255,-0.15692468
K29L,K28,L,-3.335267782,-0.469702423,-0.23643674
K29M,K28,M,-2.401057959,-0.295263559,-0.12793088
K29I,K28,I,-2.320491076,-0.468644977,-0.230181217
K29F,K28,F,-2.98491168,-0.44751969,-0.200239241
K29Y,K28,Y,-1.54658103,-0.377129316,-0.128853038
K29W,K28,W,-2.618572474,-0.587894976,-0.241358921
K29K,K28,K,-0.980246425,0.069235571,0.097925678
K29R,K28,R,-0.939309716,0.124329865,0.081898093
K29D,K28,D,-3.206815004,0.275519639,0.192599654
K29E,K28,E,-2.787539959,0.174746275,0.119125515
K29S,K28,S,-1.396190286,0.190001041,0.126959309
K29T,K28,T,-1.903944492,0.050859679,0.080786079
K29C,K28,C,-1.99740839,-0.14660728,-0.021451605
K29N,K28,N,-0.881501555,0.190813303,0.153041139
K29Q,K28,Q,-2.038571358,0.107198268,0.130368054
K29H,K28,H,-2.093701363,0.014994491,0.095856406
K29P,K28,P,-3.905138731,0.427037448,0.253139347
G30G,G29,G,-0.980246425,0.069235571,0.097925678
G30A,G29,A,-2.298132658,-0.11006923,-0.115729526
G30V,G29,V,-0.188714236,-0.433341056,-0.424781054
G30L,G29,L,-1.209885836,-0.480929643,-0.45306927
G30M,G29,M,-0.964174747,-0.390525639,-0.408471078
G30I,G29,I,-0.168927148,-0.525801361,-0.514509141
G30F,G29,F,-1.270232916,-0.645700455,-0.551667213
G30Y,G29,Y,-1.026744485,-0.501703918,-0.384916157
G30W,G29,W,-1.409150243,-0.654608846,-0.536464989
G30K,G29,K,-3.227240562,0.358999223,0.160854742
G30R,G29,R,-3.734834433,0.362270892,0.03854486
G30D,G29,D,-3.672823191,0.317922443,0.226159096
G30E,G29,E,-3.712864161,0.32057789,0.139805511
G30S,G29,S,-3.325711727,0.154160947,0.050016914
G30T,G29,T,-1.90687716,0.002584404,-0.075034007
G30C,G29,C,-1.41301775,-0.278371304,-0.268919945
G30N,G29,N,-1.249887824,0.196694106,0.126118049
G30Q,G29,Q,-3.063777924,0.213157475,0.07573659
G30H,G29,H,-2.260175943,0.022689562,-0.057564024
G30P,G29,P,-3.842357397,0.583194494,0.304912418
A31G,A30,G,-1.726539016,0.374296814,0.397666067
A31A,A30,A,-0.980246484,0.069235571,0.097925678
A31V,A30,V,1.279564023,-0.344548315,-0.325690538
A31L,A30,L,0.341303468,-0.433177084,-0.413645178
A31M,A30,M,0.43681252,-0.318049341,-0.352857381
A31I,A30,I,1.751012087,-0.510556221,-0.484940767
A31F,A30,F,0.755193949,-0.609163284,-0.514639735
A31Y,A30,Y,-0.269960135,-0.500369608,-0.346557379
A31W,A30,W,-0.184362233,-0.659163594,-0.518853724
A31K,A30,K,-3.486670971,0.286230892,0.339625925
A31R,A30,R,-4.082143307,0.068612039,0.143981114
A31D,A30,D,-2.374431133,0.41245392,0.494529724
A31E,A30,E,-4.040623188,0.284641534,0.302720636
A31S,A30,S,-3.114978075,0.24578324,0.300271183
A31T,A30,T,0.5651263,0.005936319,0.113363698
A31C,A30,C,-1.377251983,-0.177126378,-0.146866515
A31N,A30,N,-1.419130564,0.359022826,0.393922359
A31Q,A30,Q,-2.680183411,0.161730379,0.176908016
A31H,A30,H,-1.312837124,0.059568174,0.053687852
A31P,A30,P,-1.588138103,0.399380535,0.462338746
I32G,I31,G,-2.334167719,0.993308842,0.996810913
I32A,I31,A,-3.227082729,0.747752964,0.775249839
I32V,I31,V,-1.367656708,0.306124836,0.304651827
I32L,I31,L,-3.047145844,0.220422879,0.226046935
I32M,I31,M,-2.315177679,0.280715078,0.293444186
I32I,I31,I,-0.980246484,0.069235571,0.097925678
I32F,I31,F,-2.28496933,-0.051772591,0.048649717
I32Y,I31,Y,-2.049871922,0.094914228,0.301072747
I32W,I31,W,-2.852058887,-0.082147881,0.091156207
I32K,I31,K,-3.515865803,0.970996916,1.045518756
I32R,I31,R,-3.853146791,0.792575359,0.891436875
I32D,I31,D,-3.427684784,1.076204896,1.126636505
I32E,I31,E,-3.873369694,0.944909215,0.985665798
I32S,I31,S,-3.294371128,0.913236618,0.935489595
I32T,I31,T,-1.570819259,0.684247017,0.779793561
I32C,I31,C,-3.063863993,0.406335443,0.488092035
I32N,I31,N,-2.185809374,1.04561615,1.046108961
I32Q,I31,Q,-3.090788126,0.835169137,0.896949232
I32H,I31,H,-2.827938795,0.739401579,0.782380402
I32P,I31,P,-2.964872599,1.078950763,1.166662216
I33G,I32,G,-3.65658927,1.108481646,1.15347445
I33A,I32,A,-4.034413815,0.835190296,0.916854858
I33V,I32,V,-2.390661955,0.327642649,0.351652443
I33L,I32,L,-3.53523612,0.280524641,0.316358596
I33M,I32,M,-3.523902178,0.330001444,0.361958951
I33I,I32,I,-0.980246425,0.069235571,0.097925678
I33F,I32,F,-3.652926922,-0.037998576,0.087180659
I33Y,I32,Y,-3.332535505,0.151481628,0.386941016
I33W,I32,W,-3.747245073,-0.040298749,0.145588398
I33K,I32,K,-4.646512032,1.031535625,1.195230246
I33R,I32,R,-5.128216743,0.776447535,1.009745359
I33D,I32,D,-4.792390347,1.138206363,1.261741877
I33E,I32,E,-4.941884995,1.029981494,1.131547093
I33S,I32,S,-4.641965389,0.96007061,1.055039287
I33T,I32,T,-3.644145727,0.719164133,0.869474947
I33C,I32,C,-3.579781294,0.504818916,0.623642743
I33N,I32,N,-3.663008451,1.109462619,1.18061018
I33Q,I32,Q,-4.435386658,0.918140411,1.059595108
I33H,I32,H,-4.119747162,0.797984838,0.894235313
I33P,I32,P,-4.334836483,1.15508163,1.333698988
G34G,G33,G,-0.980246484,0.069235571,0.097925678
G34A,G33,A,-3.555631876,-0.224106371,-0.288948864
G34V,G33,V,-3.331361532,-0.875335038,-0.994826674
G34L,G33,L,-3.961218119,-0.92033875,-1.069962382
G34M,G33,M,-3.278231144,-0.79012686,-0.975800157
G34I,G33,I,-2.665253878,-1.033712029,-1.199068546
G34F,G33,F,-3.515333891,-1.136694908,-1.22493124
G34Y,G33,Y,-2.674420834,-0.925895452,-0.959479272
G34W,G33,W,-3.3101542,-1.098839402,-1.163269997
G34K,G33,K,-3.129425764,0.704244375,0.302566141
G34R,G33,R,-3.436267138,0.555749595,-0.076986931
G34D,G33,D,-3.224624872,0.703331053,0.45368576
G34E,G33,E,-3.442409039,0.559082389,0.182493687
G34S,G33,S,-2.898356438,0.267047733,0.002919591
G34T,G33,T,-2.090580225,-0.039889913,-0.319383681
G34C,G33,C,-2.777284384,-0.554795802,-0.686932385
G34N,G33,N,-1.666897774,0.504581094,0.265593678
G34Q,G33,Q,-3.191015005,0.351570636,-0.004901171
G34H,G33,H,-3.234699726,0.04455477,-0.295612723
G34P,G33,P,-3.048191786,0.988219082,0.448908359
L35G,L34,G,-2.413613796,1.223739743,1.29208076
L35A,L34,A,-2.769438028,0.853626192,0.920121074
L35V,L34,V,-0.35630393,0.296875745,0.32445851
L35L,L34,L,-0.980246425,0.069235571,0.097925678
L35M,L34,M,-0.621616244,0.33835873,0.298502982
L35I,L34,I,0.273016334,0.072111003,0.078146473
L35F,L34,F,-1.465043187,-0.11823833,-0.068693921
L35Y,L34,Y,-1.271868348,0.115104094,0.232708082
L35W,L34,W,-1.175515652,-0.191879109,-0.139146492
L35K,L34,K,-3.478484869,1.253290176,1.242081165
L35R,L34,R,-3.947311163,1.127443671,1.055929661
L35D,L34,D,-3.61937356,1.342577815,1.390189171
L35E,L34,E,-4.025049686,1.230838418,1.196987033
L35S,L34,S,-3.467794895,1.127631307,1.119345188
L35T,L34,T,-2.452708006,0.897509575,0.915099263
L35C,L34,C,-1.259829402,0.575028658,0.591210842
L35N,L34,N,-2.511971951,1.260095716,1.262921929
L35Q,L34,Q,-3.365269899,1.085243344,1.072278023
L35H,L34,H,-3.242267847,0.964417636,0.914298177
L35P,L34,P,-3.633010626,1.454057574,1.407482386
M36G,M35,G,-4.373932838,1.129130363,1.189854026
M36A,M35,A,-3.872825623,0.709557772,0.809767544
M36V,M35,V,-2.063997984,0.015499636,0.172132999
M36L,M35,L,-3.365426064,-0.138529092,-0.005028056
M36M,M35,M,-0.980246484,0.069235571,0.097925678
M36I,M35,I,-2.725278139,-0.203969762,-0.072272897
M36F,M35,F,-2.962458134,-0.367157698,-0.21177946
M36Y,M35,Y,-1.477421284,-0.165999085,0.056479275
M36W,M35,W,-1.843169093,-0.491466016,-0.271864206
M36K,M35,K,-4.064397335,1.050164819,1.075329185
M36R,M35,R,-4.077845573,0.961715817,0.857588112
M36D,M35,D,-4.403260708,1.193888307,1.256747723
M36E,M35,E,-4.513103008,1.042973399,1.043222785
M36S,M35,S,-4.324204922,1.025172591,1.034751177
M36T,M35,T,-3.822589636,0.770220637,0.84100461
M36C,M35,C,-0.751057863,0.311679631,0.420679301
M36N,M35,N,-3.547800779,1.135297179,1.12562263
M36Q,M35,Q,-3.839313745,0.911868274,0.909067094
M36H,M35,H,-3.42990303,0.780394793,0.765459776
M36P,M35,P,-3.983419895,1.451577187,1.304654598
V37G,V36,G,-3.4687078,1.135567427,1.152582884
V37A,V36,A,-2.556134224,0.801381469,0.789608598
V37V,V36,V,-0.980246425,0.069235571,0.097925678
V37L,V36,L,-0.646337628,-0.012770698,-0.006547427
V37M,V36,M,-0.643406868,0.227783009,0.166558698
V37I,V36,I,-0.328220785,-0.104046904,-0.078088954
V37F,V36,F,-1.313105106,-0.171480358,-0.127557978
V37Y,V36,Y,-0.87214613,0.051053286,0.166506067
V37W,V36,W,-0.868176281,-0.25906238,-0.12730132
V37K,V36,K,-3.074633837,1.094674945,1.045131564
V37R,V36,R,-3.12353754,1.077569962,0.853696644
V37D,V36,D,-3.173110723,1.196882486,1.196996093
V37E,V36,E,-3.223528147,1.104271889,1.031728268
V37S,V36,S,-3.401292562,1.050760984,0.999512494
V37T,V36,T,-1.939248085,0.819651127,0.794157445
V37C,V36,C,-1.358219147,0.479676336,0.456353694
V37N,V36,N,-2.944589138,1.127769113,1.076389909
V37Q,V36,Q,-3.023118734,0.977226377,0.914941728
V37H,V36,H,-2.59355545,0.861899018,0.771218538
V37P,V36,P,-1.940069437,1.431907773,1.269778013
G38G,G37,G,-0.980246484,0.069235571,0.097925678
G38A,G37,A,-3.48511672,-1.029147267,-0.731051922
G38V,G37,V,-3.498380661,-1.766058803,-1.498463988
G38L,G37,L,-3.585638762,-1.751850009,-1.571596742
G38M,G37,M,-2.812085629,-1.631917953,-1.498231649
G38I,G37,I,-3.020489454,-1.882592797,-1.654948354
G38F,G37,F,-3.559866905,-1.885954261,-1.673057795
G38Y,G37,Y,-2.472758055,-1.705750346,-1.450166225
G38W,G37,W,-2.809052706,-1.858730078,-1.645728946
G38K,G37,K,-3.228043079,-0.535082221,-0.392429024
G38R,G37,R,-3.793287277,-0.731934845,-0.769129753
G38D,G37,D,-3.822053671,-0.15239808,0.049023248
G38E,G37,E,-3.796905518,-0.652649641,-0.448519856
G38S,G37,S,-3.260087729,-0.354494244,-0.263892561
G38T,G37,T,-3.616779566,-1.007010579,-0.712497056
G38C,G37,C,-1.299968481,-1.298735023,-1.132542253
G38N,G37,N,-1.839230776,-0.176188812,-0.130475193
G38Q,G37,Q,-3.437025309,-0.770781755,-0.612463415
G38H,G37,H,-3.477980375,-0.960906267,-0.860670626
G38P,G37,P,-3.97471118,0.424643904,0.155040979
G39G,G38,G,-0.980246425,0.069235571,0.097925678
G39A,G38,A,-3.557128668,-1.007201076,-0.900189459
G39V,G38,V,-3.627892733,-1.704798102,-1.609409213
G39L,G38,L,-3.881471157,-1.701482177,-1.713769436
G39M,G38,M,-2.875911474,-1.606465578,-1.645754814
G39I,G38,I,-3.054703474,-1.830138564,-1.762062311
G39F,G38,F,-3.350473642,-1.852840066,-1.810125589
G39Y,G38,Y,-2.606791496,-1.703135133,-1.604280949
G39W,G38,W,-2.794928789,-1.84645927,-1.79384768
G39K,G38,K,-3.196220636,-0.609138966,-0.569563091
G39R,G38,R,-3.915067673,-0.879791737,-0.931550503
G39D,G38,D,-2.60376811,-0.220979661,-0.013091343
G39E,G38,E,-3.856775045,-0.70023483,-0.646040618
G39S,G38,S,-2.964691639,-0.436974913,-0.397910982
G39T,G38,T,-2.401024818,-1.014971972,-0.856627047
G39C,G38,C,-1.396873236,-1.294438958,-1.286516666
G39N,G38,N,-1.667237401,-0.218192697,-0.205462649
G39Q,G38,Q,-3.482526064,-0.822462201,-0.822741508
G39H,G38,H,-3.292405844,-0.975141048,-1.033473492
G39P,G38,P,-2.951521873,0.190979451,-0.040799882
V40G,V39,G,-4.125281811,0.737659752,0.812382877
V40A,V39,A,-3.616987228,0.5160923,0.537710249
V40V,V39,V,-0.980246484,0.069235571,0.097925678
V40L,V39,L,-2.873155594,-0.059398115,-0.033918042
V40M,V39,M,-1.570399046,0.073157527,0.039990138
V40I,V39,I,-0.378683746,-0.079964861,-0.054682717
V40F,V39,F,-3.35282588,-0.216113076,-0.164017752
V40Y,V39,Y,-1.631610155,-0.139925212,-0.037245292
V40W,V39,W,-2.012817383,-0.361876428,-0.237011924
V40K,V39,K,-3.845995188,0.714716494,0.682514608
V40R,V39,R,-4.029398441,0.596321344,0.515733302
V40D,V39,D,-3.915023565,0.796693385,0.817506075
V40E,V39,E,-4.200131893,0.737041891,0.665914416
V40S,V39,S,-4.212034225,0.684597075,0.691627443
V40T,V39,T,-3.097405195,0.508185029,0.565522134
V40C,V39,C,-2.185841799,0.188858137,0.242773563
V40N,V39,N,-3.695466757,0.723417699,0.708624303
V40Q,V39,Q,-3.74635458,0.620829642,0.579483807
V40H,V39,H,-3.828587294,0.499680877,0.4622356
V40P,V39,P,-3.481259823,0.89193666,0.832479656
V41G,V40,G,-4.260715008,0.761184335,0.868486464
V41A,V40,A,-3.729779243,0.496354401,0.590659082
V41V,V40,V,-0.980246484,0.069235571,0.097925678
V41L,V40,L,-3.576840639,-0.04904817,-0.048963692
V41M,V40,M,-1.973697305,0.013696344,-0.045942187
V41I,V40,I,-2.087387323,-0.17655322,-0.153028145
V41F,V40,F,-3.161529303,-0.341889709,-0.305086464
V41Y,V40,Y,-1.407486796,-0.236566335,-0.109722778
V41W,V40,W,-2.011272907,-0.455146283,-0.36685434
V41K,V40,K,-3.304465294,0.707479417,0.715180933
V41R,V40,R,-3.519512415,0.34621793,0.452424914
V41D,V40,D,-3.831234217,0.783231258,0.84228307
V41E,V40,E,-4.139895439,0.743042469,0.680059493
V41S,V40,S,-3.535881281,0.579592824,0.694012225
V41T,V40,T,-3.013424635,0.345900267,0.528241158
V41C,V40,C,-1.410032511,0.207241684,0.265747458
V41N,V40,N,-3.192323446,0.713744402,0.752071917
V41Q,V40,Q,-3.456517458,0.573036492,0.599516332
V41H,V40,H,-3.3750422,0.452099472,0.475054771
V41P,V40,P,-4.077455044,0.877708972,0.893154085
I42G,I41,G,-3.333421946,0.843626559,0.838176668
I42A,I41,A,-2.763242722,0.631453454,0.608464003
I42V,I41,V,-2.878627062,0.237008959,0.241453469
I42L,I41,L,-2.305329323,0.190467477,0.183593959
I42M,I41,M,-2.72170639,0.233724222,0.198444754
I42I,I41,I,-0.980246425,0.069235571,0.097925678
I42F,I41,F,-3.121423244,0.004551273,0.061148431
I42Y,I41,Y,-2.137402296,0.089615479,0.185224995
I42W,I41,W,-2.324545145,-0.027069485,0.069516234
I42K,I41,K,-3.350606441,0.773858547,0.73437649
I42R,I41,R,-3.515401125,0.658453763,0.599126816
I42D,I41,D,-4.159771442,0.844475687,0.825209916
I42E,I41,E,-3.264978409,0.748837233,0.682494998
I42S,I41,S,-3.671166658,0.742971838,0.720939338
I42T,I41,T,-3.840907574,0.565262079,0.599948287
I42C,I41,C,-2.106171131,0.348413438,0.361609042
I42N,I41,N,-3.229640245,0.812559485,0.769785941
I42Q,I41,Q,-3.332341433,0.685080588,0.650189877
I42H,I41,H,-3.577455521,0.560384035,0.545835555
I42P,I41,P,-3.516129255,0.849896193,0.784094155
A43G,A42,G,-2.940642595,0.278224617,0.217108235
A43A,A42,A,-0.980246484,0.069235571,0.097925678
A43V,A42,V,0.064932361,-0.258045763,-0.26250264
A43L,A42,L,-0.826397002,-0.291033328,-0.33200261
A43M,A42,M,0.303951383,-0.265524417,-0.343334466
A43I,A42,I,0.123159729,-0.3837367,-0.42121461
A43F,A42,F,-0.056675956,-0.501158595,-0.505047143
A43Y,A42,Y,-0.041893203,-0.43706885,-0.376307726
A43W,A42,W,-0.105371103,-0.563635707,-0.519468606
A43K,A42,K,-1.683120608,0.242610022,0.188198492
A43R,A42,R,-2.037381887,0.127490193,-0.037698146
A43D,A42,D,-2.537770033,0.328938395,0.249679074
A43E,A42,E,-3.351277113,0.255408406,0.177292377
A43S,A42,S,-0.800271928,0.207001403,0.148345247
A43T,A42,T,-0.203090519,0.007951728,0.005297992
A43C,A42,C,0.410619378,-0.156156957,-0.204913452
A43N,A42,N,-0.907131374,0.266820282,0.171987802
A43Q,A42,Q,-1.425296545,0.119950019,0.065568626
A43H,A42,H,-0.970288873,0.004538093,-0.063301951
A43P,A42,P,-3.615809679,0.432621151,0.274684697
